{"file":"3sheet_360c77f.png","frames":{"bean_bg_png":{"h":49,"offX":0,"offY":0,"sourceH":49,"sourceW":224,"w":224,"x":2,"y":514},"bullet_png":{"h":83,"offX":0,"offY":0,"sourceH":83,"sourceW":60,"w":60,"x":443,"y":398},"buy_png":{"h":112,"offX":0,"offY":0,"sourceH":112,"sourceW":128,"w":128,"x":199,"y":398},"deposit_off_png":{"h":85,"offX":18,"offY":0,"sourceH":86,"sourceW":110,"w":74,"x":175,"y":210},"deposit_on_png":{"h":86,"offX":1,"offY":0,"sourceH":86,"sourceW":110,"w":108,"x":331,"y":398},"fish_m_7_png":{"h":204,"offX":0,"offY":0,"sourceH":206,"sourceW":275,"w":273,"x":2,"y":2},"fish_m_8_png":{"h":200,"offX":0,"offY":0,"sourceH":202,"sourceW":199,"w":197,"x":279,"y":2},"fish_m_9_png":{"h":188,"offX":0,"offY":0,"sourceH":190,"sourceW":202,"w":200,"x":279,"y":206},"gun_base_png":{"h":91,"offX":0,"offY":1,"sourceH":92,"sourceW":193,"w":193,"x":2,"y":381},"gun_num_bg_png":{"h":39,"offX":0,"offY":0,"sourceH":40,"sourceW":118,"w":118,"x":331,"y":488},"gun_png":{"h":167,"offX":0,"offY":0,"sourceH":168,"sourceW":170,"w":169,"x":2,"y":210},"score_+_png":{"h":58,"offX":0,"offY":0,"sourceH":58,"sourceW":58,"w":58,"x":292,"y":531},"score_-_png":{"h":58,"offX":0,"offY":0,"sourceH":58,"sourceW":58,"w":58,"x":230,"y":514},"shot_png":{"h":72,"offX":0,"offY":0,"sourceH":72,"sourceW":73,"w":73,"x":175,"y":299},"sound_off_png":{"h":49,"offX":0,"offY":0,"sourceH":50,"sourceW":50,"w":50,"x":453,"y":485},"sound_on_png":{"h":49,"offX":0,"offY":0,"sourceH":50,"sourceW":50,"w":50,"x":354,"y":531}}}