{"mc":{
	"win_bean_m":{
		"frameRate":40,
		"labels":[
			{"name":"1","frame":1,"end":10}
			
			],
		"events":[
			
			],
		"frames":[
			
			{
			"res":"p0",
			"x":0,
			"y":7
			},
			{
			"res":"p1",
			"x":0,
			"y":15
			},
			{
			"res":"p2",
			"x":0,
			"y":22
			},
			{
			"res":"p3",
			"x":0,
			"y":30
			},
			{
			"res":"p4",
			"x":0,
			"y":37
			},
			{
			"res":"p5",
			"x":0,
			"y":7
			},
			{
			"res":"p6",
			"x":0,
			"y":15
			},
			{
			"res":"p7",
			"x":0,
			"y":22
			},
			{
			"res":"p8",
			"x":0,
			"y":30
			},
			{
			"res":"p9",
			"x":0,
			"y":68
			}
			]
}},
	"res":{
		"p8":{"x":0,"y":146,"w":32,"h":70},
		"p0":{"x":0,"y":218,"w":32,"h":33},
		"p9":{"x":34,"y":176,"w":32,"h":32},
		"p3":{"x":34,"y":210,"w":32,"h":32},
		"p2":{"x":34,"y":107,"w":32,"h":33},
		"p5":{"x":0,"y":0,"w":32,"h":71},
		"p1":{"x":34,"y":142,"w":32,"h":32},
		"p7":{"x":0,"y":73,"w":32,"h":71},
		"p6":{"x":34,"y":0,"w":32,"h":70},
		"p4":{"x":34,"y":72,"w":32,"h":33}
	}}