{"mc":{
	"1":{
		"frameRate":24,
		"labels":[
			{"name":"1","frame":1,"end":14}
			
			],
		"events":[
			
			],
		"frames":[
			
			{
			"res":"baozha39",
			"x":102,
			"y":212
			},
			{
			"res":"baozha33",
			"x":114,
			"y":129
			},
			{
			"res":"baozha35",
			"x":108,
			"y":123
			},
			{
			"res":"baozha27",
			"x":0,
			"y":7
			},
			{
			"res":"baozha29",
			"x":123,
			"y":116
			},
			{
			"res":"baozha23",
			"x":12,
			"y":22
			},
			{
			"res":"baozha21",
			"x":21,
			"y":31
			},
			{
			"res":"baozha17",
			"x":43,
			"y":52
			},
			{
			"res":"baozha15",
			"x":43,
			"y":53
			},
			{
			"res":"baozha11",
			"x":75,
			"y":85
			},
			{
			"res":"baozha09",
			"x":103,
			"y":113
			},
			{
			"res":"baozha03",
			"x":174,
			"y":186
			},
			{
			"res":"baozha05",
			"x":171,
			"y":180
			},
			{
			"res":"baozha01",
			"x":64,
			"y":84
			}
			]
}},
	"res":{
		"baozha27":{"x":0,"y":0,"w":460,"h":446},
		"baozha15":{"x":1345,"y":0,"w":379,"h":378},
		"baozha17":{"x":1345,"y":380,"w":385,"h":362},
		"baozha11":{"x":1726,"y":0,"w":315,"h":314},
		"baozha23":{"x":462,"y":0,"w":448,"h":417},
		"baozha35":{"x":0,"y":448,"w":251,"h":235},
		"baozha09":{"x":462,"y":419,"w":259,"h":258},
		"baozha21":{"x":912,"y":0,"w":431,"h":400},
		"baozha29":{"x":253,"y":679,"w":226,"h":242},
		"baozha01":{"x":912,"y":402,"w":347,"h":337},
		"baozha39":{"x":253,"y":576,"w":89,"h":59},
		"baozha03":{"x":481,"y":679,"w":122,"h":120},
		"baozha05":{"x":253,"y":448,"w":125,"h":126},
		"baozha33":{"x":0,"y":685,"w":240,"h":224}
	}}