{"mc":{
	"flash_main":{
		"frameRate":24,
		"labels":[
			{"name":"1","frame":1,"end":10}
			
			],
		"events":[
			
			],
		"frames":[
			
			{
			"res":"shandian01",
			"x":12,
			"y":5
			},
			{
			"res":"shandian03",
			"x":12,
			"y":5
			},
			{
			"res":"shandian05",
			"x":12,
			"y":5
			},
			{
			"res":"shandian07",
			"x":12,
			"y":5
			},
			{
			"res":"shandian09",
			"x":12,
			"y":5
			},
			{
			"res":"shandian11",
			"x":12,
			"y":5
			},
			{
			"res":"shandian13",
			"x":12,
			"y":5
			},
			{
			"res":"shandian15",
			"x":12,
			"y":5
			},
			{
			"res":"shandian17",
			"x":12,
			"y":5
			},
			{
			"res":"shandian19",
			"x":12,
			"y":5
			}
			]
},"flash_grain":{
		"frameRate":24,
		"labels":[
			{"name":"1","frame":1,"end":10}
			
			],
		"events":[
			
			],
		"frames":[
			
			{
			"res":"lizi01",
			"x":0,
			"y":0
			},
			{
			"res":"lizi03",
			"x":0,
			"y":0
			},
			{
			"res":"lizi05",
			"x":0,
			"y":0
			},
			{
			"res":"lizi07",
			"x":0,
			"y":0
			},
			{
			"res":"lizi09",
			"x":0,
			"y":0
			},
			{
			"res":"lizi11",
			"x":0,
			"y":0
			},
			{
			"res":"lizi13",
			"x":0,
			"y":0
			},
			{
			"res":"lizi15",
			"x":0,
			"y":0
			},
			{
			"res":"lizi17",
			"x":0,
			"y":0
			},
			{
			"res":"lizi19",
			"x":0,
			"y":0
			}
			]
}},
	"res":{
		"shandian01":{"x":490,"y":102,"w":482,"h":100},
		"lizi13":{"x":177,"y":690,"w":175,"h":178},
		"lizi03":{"x":177,"y":510,"w":175,"h":178},
		"lizi05":{"x":0,"y":690,"w":175,"h":178},
		"lizi11":{"x":708,"y":690,"w":175,"h":178},
		"shandian13":{"x":487,"y":408,"w":485,"h":100},
		"lizi07":{"x":531,"y":510,"w":175,"h":178},
		"lizi09":{"x":354,"y":510,"w":175,"h":178},
		"shandian05":{"x":0,"y":102,"w":488,"h":100},
		"shandian03":{"x":0,"y":306,"w":486,"h":100},
		"shandian15":{"x":0,"y":0,"w":488,"h":100},
		"shandian09":{"x":0,"y":408,"w":485,"h":100},
		"shandian17":{"x":490,"y":0,"w":485,"h":100},
		"lizi15":{"x":708,"y":510,"w":175,"h":178},
		"lizi01":{"x":0,"y":510,"w":175,"h":178},
		"shandian07":{"x":488,"y":306,"w":485,"h":100},
		"shandian19":{"x":488,"y":204,"w":485,"h":100},
		"shandian11":{"x":0,"y":204,"w":486,"h":100},
		"lizi19":{"x":354,"y":690,"w":175,"h":178},
		"lizi17":{"x":531,"y":690,"w":175,"h":178}
	}}