{"mc":{
	"fish_m_7":{
		"frameRate":12,
		"labels":[
			{"name":"1","frame":1,"end":9}
			
			],
		"events":[
			
			],
		"frames":[
			
			{
			"res":"yu_7_1",
			"x":11,
			"y":3
			},
			{
			"res":"yu_7_2",
			"x":10,
			"y":1
			},
			{
			"res":"yu_7_3",
			"x":10,
			"y":1
			},
			{
			"res":"yu_7_4",
			"x":9,
			"y":2
			},
			{
			"res":"yu_7_5",
			"x":9,
			"y":3
			},
			{
			"res":"yu_7_6",
			"x":9,
			"y":3
			},
			{
			"res":"yu_7_7",
			"x":9,
			"y":4
			},
			{
			"res":"yu_7_8",
			"x":10,
			"y":5
			},
			{
			"res":"yu_7_9",
			"x":10,
			"y":4
			}
			]
}},
	"res":{
		"yu_7_2":{"x":0,"y":0,"w":91,"h":68},
		"yu_7_4":{"x":93,"y":68,"w":91,"h":63},
		"yu_7_5":{"x":93,"y":133,"w":88,"h":62},
		"yu_7_6":{"x":186,"y":66,"w":83,"h":63},
		"yu_7_8":{"x":185,"y":0,"w":88,"h":64},
		"yu_7_1":{"x":93,"y":0,"w":90,"h":66},
		"yu_7_7":{"x":183,"y":133,"w":85,"h":63},
		"yu_7_3":{"x":0,"y":70,"w":91,"h":66},
		"yu_7_9":{"x":0,"y":138,"w":91,"h":66}
	}}