{"mc":{
	"fish_m_11":{
		"frameRate":8,
		"labels":[
			{"name":"1","frame":1,"end":8}
			
			],
		"events":[
			
			],
		"frames":[
			
			{
			"res":"yu_11_1",
			"x":10,
			"y":4
			},
			{
			"res":"yu_11_2",
			"x":11,
			"y":4
			},
			{
			"res":"yu_11_3",
			"x":11,
			"y":3
			},
			{
			"res":"yu_11_4",
			"x":11,
			"y":1
			},
			{
			"res":"yu_11_5",
			"x":10,
			"y":0
			},
			{
			"res":"yu_11_6",
			"x":10,
			"y":1
			},
			{
			"res":"yu_11_7",
			"x":9,
			"y":2
			},
			{
			"res":"yu_11_8",
			"x":10,
			"y":4
			}
			]
}},
	"res":{
		"yu_11_3":{"x":0,"y":289,"w":135,"h":137},
		"yu_11_4":{"x":285,"y":292,"w":129,"h":139},
		"yu_11_6":{"x":0,"y":0,"w":148,"h":147},
		"yu_11_5":{"x":150,"y":149,"w":133,"h":145},
		"yu_11_1":{"x":297,"y":0,"w":149,"h":143},
		"yu_11_8":{"x":297,"y":145,"w":145,"h":145},
		"yu_11_7":{"x":150,"y":0,"w":145,"h":147},
		"yu_11_2":{"x":0,"y":149,"w":148,"h":138}
	}}