{"mc":{
	"fish_m_9":{
		"frameRate":12,
		"labels":[
			{"name":"1","frame":1,"end":11}
			
			],
		"events":[
			
			],
		"frames":[
			
			{
			"res":"yu_9_1",
			"x":9,
			"y":2
			},
			{
			"res":"yu_9_2",
			"x":9,
			"y":2
			},
			{
			"res":"yu_9_3",
			"x":9,
			"y":2
			},
			{
			"res":"yu_9_4",
			"x":9,
			"y":3
			},
			{
			"res":"yu_9_5",
			"x":9,
			"y":3
			},
			{
			"res":"yu_9_6",
			"x":9,
			"y":4
			},
			{
			"res":"yu_9_7",
			"x":9,
			"y":3
			},
			{
			"res":"yu_9_8",
			"x":9,
			"y":3
			},
			{
			"res":"yu_9_9",
			"x":9,
			"y":3
			},
			{
			"res":"yu_9_10",
			"x":9,
			"y":2
			},
			{
			"res":"yu_9_11",
			"x":9,
			"y":2
			}
			]
}},
	"res":{
		"yu_9_6":{"x":126,"y":144,"w":59,"h":43},
		"yu_9_9":{"x":134,"y":49,"w":64,"h":46},
		"yu_9_11":{"x":135,"y":0,"w":65,"h":47},
		"yu_9_5":{"x":0,"y":98,"w":62,"h":44},
		"yu_9_10":{"x":0,"y":0,"w":66,"h":47},
		"yu_9_8":{"x":64,"y":98,"w":60,"h":45},
		"yu_9_7":{"x":0,"y":144,"w":59,"h":44},
		"yu_9_4":{"x":134,"y":97,"w":65,"h":45},
		"yu_9_2":{"x":68,"y":0,"w":65,"h":47},
		"yu_9_1":{"x":67,"y":49,"w":65,"h":47},
		"yu_9_3":{"x":0,"y":49,"w":65,"h":47}
	}}