{"mc":{
	"fish_m_5":{
		"frameRate":24,
		"labels":[
			{"name":"1","frame":1,"end":8}
			
			],
		"events":[
			
			],
		"frames":[
			
			{
			"res":"yu_6_1",
			"x":6,
			"y":49
			},
			{
			"res":"yu_6_2",
			"x":5,
			"y":49
			},
			{
			"res":"yu_6_3",
			"x":2,
			"y":45
			},
			{
			"res":"yu_6_4",
			"x":1,
			"y":42
			},
			{
			"res":"yu_6_5",
			"x":1,
			"y":43
			},
			{
			"res":"yu_6_6",
			"x":3,
			"y":46
			},
			{
			"res":"yu_6_7",
			"x":4,
			"y":49
			},
			{
			"res":"yu_6_8",
			"x":6,
			"y":49
			}
			]
}},
	"res":{
		"yu_6_3":{"x":0,"y":0,"w":172,"h":120},
		"yu_6_6":{"x":174,"y":0,"w":168,"h":120},
		"yu_6_7":{"x":0,"y":122,"w":170,"h":118},
		"yu_6_5":{"x":344,"y":0,"w":165,"h":121},
		"yu_6_4":{"x":0,"y":242,"w":167,"h":120},
		"yu_6_8":{"x":331,"y":123,"w":158,"h":117},
		"yu_6_2":{"x":172,"y":122,"w":157,"h":118},
		"yu_6_1":{"x":0,"y":364,"w":159,"h":116}
	}}