{"mc":{
	"fish_m_2":{
		"frameRate":12,
		"labels":[
			{"name":"1","frame":1,"end":11}
			
			],
		"events":[
			
			],
		"frames":[
			
			{
			"res":"yu_2_1",
			"x":2,
			"y":2
			},
			{
			"res":"yu_2_2",
			"x":2,
			"y":2
			},
			{
			"res":"yu_2_3",
			"x":3,
			"y":2
			},
			{
			"res":"yu_2_4",
			"x":3,
			"y":0
			},
			{
			"res":"yu_2_5",
			"x":2,
			"y":0
			},
			{
			"res":"yu_2_6",
			"x":0,
			"y":0
			},
			{
			"res":"yu_2_7",
			"x":0,
			"y":0
			},
			{
			"res":"yu_2_8",
			"x":0,
			"y":0
			},
			{
			"res":"yu_2_9",
			"x":0,
			"y":0
			},
			{
			"res":"yu_2_10",
			"x":0,
			"y":0
			},
			{
			"res":"yu_2_11",
			"x":2,
			"y":2
			}
			]
}},
	"res":{
		"yu_2_2":{"x":272,"y":0,"w":268,"h":113},
		"yu_2_11":{"x":272,"y":115,"w":268,"h":112},
		"yu_2_10":{"x":0,"y":0,"w":270,"h":115},
		"yu_2_3":{"x":270,"y":229,"w":267,"h":112},
		"yu_2_5":{"x":0,"y":231,"w":268,"h":111},
		"yu_2_9":{"x":542,"y":115,"w":270,"h":111},
		"yu_2_7":{"x":542,"y":228,"w":270,"h":111},
		"yu_2_8":{"x":0,"y":344,"w":270,"h":109},
		"yu_2_6":{"x":539,"y":341,"w":270,"h":110},
		"yu_2_4":{"x":542,"y":0,"w":267,"h":113},
		"yu_2_1":{"x":0,"y":117,"w":268,"h":112}
	}}