{"mc":{
	"fish_m_10":{
		"frameRate":12,
		"labels":[
			{"name":"1","frame":1,"end":13}
			
			],
		"events":[
			
			],
		"frames":[
			
			{
			"res":"yu_10_1",
			"x":6,
			"y":20
			},
			{
			"res":"yu_10_2",
			"x":7,
			"y":22
			},
			{
			"res":"yu_10_3",
			"x":7,
			"y":24
			},
			{
			"res":"yu_10_4",
			"x":8,
			"y":27
			},
			{
			"res":"yu_10_5",
			"x":8,
			"y":25
			},
			{
			"res":"yu_10_6",
			"x":8,
			"y":24
			},
			{
			"res":"yu_10_7",
			"x":8,
			"y":31
			},
			{
			"res":"yu_10_8",
			"x":8,
			"y":34
			},
			{
			"res":"yu_10_9",
			"x":6,
			"y":27
			},
			{
			"res":"yu_10_10",
			"x":4,
			"y":18
			},
			{
			"res":"yu_10_11",
			"x":4,
			"y":16
			},
			{
			"res":"yu_10_12",
			"x":5,
			"y":17
			},
			{
			"res":"yu_10_13",
			"x":6,
			"y":20
			}
			]
}},
	"res":{
		"yu_10_6":{"x":113,"y":175,"w":112,"h":52},
		"yu_10_4":{"x":228,"y":245,"w":113,"h":49},
		"yu_10_9":{"x":335,"y":0,"w":110,"h":81},
		"yu_10_7":{"x":0,"y":236,"w":111,"h":46},
		"yu_10_5":{"x":113,"y":229,"w":113,"h":51},
		"yu_10_3":{"x":330,"y":169,"w":112,"h":74},
		"yu_10_11":{"x":223,"y":87,"w":105,"h":81},
		"yu_10_10":{"x":112,"y":94,"w":107,"h":79},
		"yu_10_2":{"x":223,"y":0,"w":110,"h":85},
		"yu_10_12":{"x":335,"y":83,"w":106,"h":84},
		"yu_10_1":{"x":0,"y":0,"w":110,"h":94},
		"yu_10_8":{"x":0,"y":175,"w":111,"h":59},
		"yu_10_13":{"x":112,"y":0,"w":109,"h":92}
	}}