{"mc":{
	"fish_m_3":{
		"frameRate":12,
		"labels":[
			{"name":"1","frame":1,"end":13}
			
			],
		"events":[
			
			],
		"frames":[
			
			{
			"res":"yu_3_1",
			"x":4,
			"y":0
			},
			{
			"res":"yu_3_2",
			"x":4,
			"y":0
			},
			{
			"res":"yu_3_3",
			"x":4,
			"y":1
			},
			{
			"res":"yu_3_4",
			"x":5,
			"y":2
			},
			{
			"res":"yu_3_5",
			"x":5,
			"y":3
			},
			{
			"res":"yu_3_6",
			"x":5,
			"y":6
			},
			{
			"res":"yu_3_7",
			"x":3,
			"y":8
			},
			{
			"res":"yu_3_8",
			"x":5,
			"y":9
			},
			{
			"res":"yu_3_9",
			"x":5,
			"y":8
			},
			{
			"res":"yu_3_10",
			"x":5,
			"y":5
			},
			{
			"res":"yu_3_11",
			"x":5,
			"y":3
			},
			{
			"res":"yu_3_12",
			"x":4,
			"y":1
			},
			{
			"res":"yu_3_13",
			"x":4,
			"y":0
			}
			]
}},
	"res":{
		"yu_3_3":{"x":342,"y":0,"w":324,"h":199},
		"yu_3_10":{"x":0,"y":792,"w":249,"h":195},
		"yu_3_11":{"x":0,"y":593,"w":269,"h":197},
		"yu_3_8":{"x":579,"y":600,"w":230,"h":191},
		"yu_3_6":{"x":668,"y":0,"w":313,"h":194},
		"yu_3_4":{"x":323,"y":201,"w":306,"h":198},
		"yu_3_9":{"x":251,"y":792,"w":235,"h":192},
		"yu_3_2":{"x":668,"y":196,"w":303,"h":200},
		"yu_3_12":{"x":0,"y":392,"w":294,"h":199},
		"yu_3_5":{"x":0,"y":193,"w":321,"h":197},
		"yu_3_13":{"x":296,"y":401,"w":281,"h":200},
		"yu_3_7":{"x":0,"y":0,"w":340,"h":191},
		"yu_3_1":{"x":631,"y":398,"w":287,"h":200}
	}}