{"mc":{
	"fish_m_6":{
		"frameRate":12,
		"labels":[
			{"name":"1","frame":1,"end":13}
			
			],
		"events":[
			
			],
		"frames":[
			
			{
			"res":"yu_6_1",
			"x":2,
			"y":21
			},
			{
			"res":"yu_6_2",
			"x":1,
			"y":21
			},
			{
			"res":"yu_6_3",
			"x":1,
			"y":21
			},
			{
			"res":"yu_6_4",
			"x":1,
			"y":21
			},
			{
			"res":"yu_6_5",
			"x":0,
			"y":22
			},
			{
			"res":"yu_6_6",
			"x":0,
			"y":23
			},
			{
			"res":"yu_6_7",
			"x":0,
			"y":24
			},
			{
			"res":"yu_6_8",
			"x":0,
			"y":24
			},
			{
			"res":"yu_6_9",
			"x":0,
			"y":24
			},
			{
			"res":"yu_6_10",
			"x":1,
			"y":23
			},
			{
			"res":"yu_6_11",
			"x":1,
			"y":22
			},
			{
			"res":"yu_6_12",
			"x":1,
			"y":21
			},
			{
			"res":"yu_6_13",
			"x":2,
			"y":21
			}
			]
}},
	"res":{
		"yu_6_13":{"x":219,"y":0,"w":216,"h":151},
		"yu_6_11":{"x":651,"y":153,"w":210,"h":149},
		"yu_6_9":{"x":0,"y":453,"w":202,"h":146},
		"yu_6_5":{"x":435,"y":153,"w":214,"h":149},
		"yu_6_3":{"x":437,"y":0,"w":216,"h":151},
		"yu_6_12":{"x":655,"y":0,"w":215,"h":151},
		"yu_6_1":{"x":0,"y":153,"w":216,"h":150},
		"yu_6_2":{"x":0,"y":0,"w":217,"h":151},
		"yu_6_10":{"x":646,"y":304,"w":204,"h":148},
		"yu_6_8":{"x":206,"y":305,"w":203,"h":146},
		"yu_6_4":{"x":218,"y":153,"w":215,"h":150},
		"yu_6_7":{"x":0,"y":305,"w":204,"h":146},
		"yu_6_6":{"x":435,"y":304,"w":209,"h":147}
	}}