{"mc":{
	"fish_m_12":{
		"frameRate":12,
		"labels":[
			{"name":"1","frame":1,"end":11}
			
			],
		"events":[
			
			],
		"frames":[
			
			{
			"res":"qiyu0000",
			"x":7,
			"y":7
			},
			{
			"res":"qiyu0004",
			"x":6,
			"y":5
			},
			{
			"res":"qiyu0008",
			"x":4,
			"y":3
			},
			{
			"res":"qiyu0012",
			"x":4,
			"y":3
			},
			{
			"res":"qiyu0016",
			"x":6,
			"y":4
			},
			{
			"res":"qiyu0020",
			"x":7,
			"y":7
			},
			{
			"res":"qiyu0024",
			"x":6,
			"y":5
			},
			{
			"res":"qiyu0028",
			"x":4,
			"y":3
			},
			{
			"res":"qiyu0032",
			"x":4,
			"y":3
			},
			{
			"res":"qiyu0036",
			"x":6,
			"y":4
			},
			{
			"res":"qiyu0040",
			"x":7,
			"y":7
			}
			]
}},
	"res":{
		"qiyu0004":{"x":0,"y":0,"w":229,"h":121},
		"qiyu0000":{"x":0,"y":123,"w":226,"h":115},
		"qiyu0032":{"x":222,"y":242,"w":208,"h":118},
		"qiyu0028":{"x":228,"y":123,"w":220,"h":117},
		"qiyu0008":{"x":0,"y":240,"w":220,"h":117},
		"qiyu0040":{"x":0,"y":123,"w":226,"h":115},
		"qiyu0020":{"x":0,"y":123,"w":226,"h":115},
		"qiyu0012":{"x":450,"y":123,"w":208,"h":118},
		"qiyu0024":{"x":693,"y":0,"w":229,"h":121},
		"qiyu0016":{"x":231,"y":0,"w":229,"h":121},
		"qiyu0036":{"x":462,"y":0,"w":229,"h":121}
	}}