{"mc":{
	"fish_m_8":{
		"frameRate":12,
		"labels":[
			{"name":"1","frame":1,"end":11}
			
			],
		"events":[
			
			],
		"frames":[
			
			{
			"res":"yu_8_1",
			"x":4,
			"y":3
			},
			{
			"res":"yu_8_2",
			"x":3,
			"y":2
			},
			{
			"res":"yu_8_3",
			"x":1,
			"y":1
			},
			{
			"res":"yu_8_4",
			"x":1,
			"y":1
			},
			{
			"res":"yu_8_5",
			"x":1,
			"y":2
			},
			{
			"res":"yu_8_6",
			"x":4,
			"y":3
			},
			{
			"res":"yu_8_7",
			"x":3,
			"y":3
			},
			{
			"res":"yu_8_8",
			"x":1,
			"y":4
			},
			{
			"res":"yu_8_9",
			"x":1,
			"y":4
			},
			{
			"res":"yu_8_10",
			"x":1,
			"y":3
			},
			{
			"res":"yu_8_11",
			"x":4,
			"y":3
			}
			]
}},
	"res":{
		"yu_8_9":{"x":0,"y":102,"w":95,"h":32},
		"yu_8_1":{"x":0,"y":136,"w":96,"h":31},
		"yu_8_10":{"x":0,"y":35,"w":98,"h":32},
		"yu_8_3":{"x":0,"y":0,"w":96,"h":33},
		"yu_8_2":{"x":97,"y":103,"w":97,"h":31},
		"yu_8_7":{"x":100,"y":35,"w":97,"h":32},
		"yu_8_8":{"x":98,"y":0,"w":96,"h":33},
		"yu_8_11":{"x":98,"y":136,"w":96,"h":31},
		"yu_8_5":{"x":0,"y":69,"w":98,"h":31},
		"yu_8_4":{"x":100,"y":69,"w":95,"h":32},
		"yu_8_6":{"x":0,"y":169,"w":96,"h":31}
	}}