{"mc":{
	"fish_m_1":{
		"frameRate":12,
		"labels":[
			{"name":"qqq","frame":1,"end":12}
			
			],
		"events":[
			
			],
		"frames":[
			
			{
			"res":"p1",
			"x":15,
			"y":17
			},
			{
			"res":"p2",
			"x":17,
			"y":17
			},
			{
			"res":"p3",
			"x":18,
			"y":17
			},
			{
			"res":"p4",
			"x":17,
			"y":16
			},
			{
			"res":"p5",
			"x":13,
			"y":14
			},
			{
			"res":"p6",
			"x":8,
			"y":13
			},
			{
			"res":"p7",
			"x":7,
			"y":13
			},
			{
			"res":"p8",
			"x":5,
			"y":14
			},
			{
			"res":"p9",
			"x":5,
			"y":15
			},
			{
			"res":"p10",
			"x":9,
			"y":16
			},
			{
			"res":"p11",
			"x":14,
			"y":17
			},
			{
			"res":"p12",
			"x":15,
			"y":17
			}
			]
}},
	"res":{
		"p12":{"x":0,"y":281,"w":201,"h":139},
		"p9":{"x":402,"y":280,"w":199,"h":137},
		"p5":{"x":206,"y":0,"w":201,"h":137},
		"p3":{"x":803,"y":0,"w":196,"h":137},
		"p10":{"x":0,"y":0,"w":204,"h":138},
		"p11":{"x":203,"y":140,"w":202,"h":138},
		"p7":{"x":409,"y":0,"w":191,"h":137},
		"p1":{"x":0,"y":140,"w":201,"h":139},
		"p2":{"x":203,"y":280,"w":197,"h":139},
		"p4":{"x":603,"y":0,"w":198,"h":137},
		"p8":{"x":603,"y":278,"w":193,"h":137},
		"p6":{"x":407,"y":139,"w":199,"h":137}
	}}