{"mc":{
	"fish_m_4":{
		"frameRate":12,
		"labels":[
			{"name":"1","frame":1,"end":13}
			
			],
		"events":[
			
			],
		"frames":[
			
			{
			"res":"yu_4_1",
			"x":8,
			"y":19
			},
			{
			"res":"yu_4_2",
			"x":9,
			"y":19
			},
			{
			"res":"yu_4_3",
			"x":9,
			"y":19
			},
			{
			"res":"yu_4_4",
			"x":9,
			"y":19
			},
			{
			"res":"yu_4_5",
			"x":9,
			"y":19
			},
			{
			"res":"yu_4_6",
			"x":8,
			"y":19
			},
			{
			"res":"yu_4_7",
			"x":9,
			"y":19
			},
			{
			"res":"yu_4_8",
			"x":9,
			"y":19
			},
			{
			"res":"yu_4_9",
			"x":9,
			"y":19
			},
			{
			"res":"yu_4_10",
			"x":9,
			"y":19
			},
			{
			"res":"yu_4_11",
			"x":9,
			"y":19
			},
			{
			"res":"yu_4_12",
			"x":9,
			"y":19
			},
			{
			"res":"yu_4_13",
			"x":8,
			"y":19
			}
			]
}},
	"res":{
		"yu_4_13":{"x":148,"y":0,"w":70,"h":53},
		"yu_4_6":{"x":0,"y":112,"w":73,"h":54},
		"yu_4_8":{"x":147,"y":168,"w":70,"h":54},
		"yu_4_11":{"x":0,"y":0,"w":74,"h":54},
		"yu_4_10":{"x":75,"y":112,"w":71,"h":54},
		"yu_4_2":{"x":219,"y":55,"w":68,"h":53},
		"yu_4_5":{"x":0,"y":56,"w":74,"h":54},
		"yu_4_3":{"x":148,"y":110,"w":69,"h":53},
		"yu_4_12":{"x":0,"y":168,"w":73,"h":54},
		"yu_4_7":{"x":76,"y":56,"w":70,"h":54},
		"yu_4_9":{"x":76,"y":0,"w":70,"h":54},
		"yu_4_1":{"x":148,"y":55,"w":69,"h":53},
		"yu_4_4":{"x":75,"y":168,"w":70,"h":54}
	}}